COUNTY_NAM,DAT
BEAVER,1
BEDFORD,0
BLAIR,0
SUSQUEHANNA,0
WARREN,0
BERKS,0
CHESTER,0
MONROE,0
LACKAWANNA,0
MONTGOMERY,0
BRADFORD,0
BUCKS,0
TIOGA,0
UNION,0
VENANGO,0
WASHINGTON,0
WAYNE,0
MCKEAN,0
MERCER,0
MIFFLIN,0
MONTOUR,0
NORTHAMPTON,0
NORTHUMBERLAND,0
PERRY,0
PIKE,0
POTTER,0
SCHUYLKILL,0
SNYDER,0
SOMERSET,0
SULLIVAN,0
LEBANON,0
BUTLER,0
CAMBRIA,0
CAMERON,0
CARBON,0
CENTRE,0
CLARION,0
CLEARFIELD,0
CLINTON,0
COLUMBIA,0
CRAWFORD,0
CUMBERLAND,0
DAUPHIN,0
INDIANA,0
JEFFERSON,0
JUNIATA,0
LANCASTER,0
WESTMORELAND,0
WYOMING,0
YORK,0
PHILADELPHIA,0
LEHIGH,0
LUZERNE,0
LYCOMING,0
LAWRENCE,0
DELAWARE,0
ELK,0
ERIE,0
FAYETTE,0
FOREST,0
FRANKLIN,0
FULTON,0
GREENE,0
HUNTINGDON,0
ADAMS,0
ALLEGHENY,0
ARMSTRONG,0