COUNTY_NAM,INF_T,0.0,0.5,1.0,1.5,2.0,2.5,3.0,3.5,4.0,4.5,5.0,5.5,6.0,6.5,7.0,7.5,8.0,8.5,9.0,9.5,10.0,10.5,11.0,11.5,12.0,12.5,13.0,13.5,14.0,14.5,15.0,15.5,16.0,16.5,17.0,17.5,18.0,18.5,19.0,19.5,20.0,20.5,21.0,21.5,22.0,22.5,23.0,23.5,24.0,24.5,25.0
BEAVER,0.0,1.0,0.9270745507638857,0.832249786123858,0.7235702575296423,0.6094638807486027,0.49778858334197806,0.3942643201257989,0.30265767173900093,0.22503333709676024,0.16193974449741763,0.11271125548004901,0.07585028432612273,0.04943757091810891,0.03149903110292823,0.019981933005381376,0.012769256762622333,0.00824257048930194,0.005377668340733661,0.0035463647795868037,0.002363429957836513,0.0015913276476096942,0.001082227490489822,0.0007432011794256918,0.0005152446325022406,0.0003605236695317224,0.0002545450066916959,0.00018130349958494517,0.0001302452026571859,9.43489397102273e-05,6.890335564946714e-05,5.072038281632641e-05,3.762500284708704e-05,2.812145233032008e-05,2.117306016776831e-05,1.6055868657515996e-05,1.226054943556106e-05,9.426178651621045e-06,7.295189986050396e-06,5.682510417282873e-06,4.4542634046687525e-06,3.5129720124622612e-06,2.7872086763754845e-06,2.2243075852256253e-06,1.7852004114109014e-06,1.4407337137776553e-06,1.1690267873590209e-06,9.53564638116959e-07,7.818134914959446e-07,6.442099118298423e-07,5.33418591010918e-07,4.437844282746006e-07
BEDFORD,6.935,1.0,1.0,1.0,1.0,1.0,1.0,1.0,1.0,1.0,1.0,1.0,1.0,1.0,1.0,0.994404487404179,0.8004232475835197,0.5852181985693743,0.40712195745523116,0.2715919924735572,0.17439902451062278,0.10841405473831539,0.06603534242482988,0.04019029285842241,0.024711342538950548,0.01538185904759308,0.00969189890154272,0.006179157576356446,0.0039848162742253486,0.002598361309410731,0.0017126494168168956,0.001140746550859261,0.0007676125590219919,0.0005216901519326342,0.0003580061033474708,0.0002480096446547099,0.0001733977110031924,0.00012232466244373392,8.705275667132094e-05,6.24817841275737e-05,4.522033179384825e-05,3.299384449369719e-05,2.4264016641918607e-05,1.7981960396580472e-05,1.3426786968628755e-05,1.00991807162903e-05,7.650670406195526e-06,5.836257815535703e-06,4.482448860123828e-06,3.465519046565626e-06,2.6966298171129038e-06,2.1115642377631293e-06
BLAIR,5.0575,1.0,1.0,1.0,1.0,1.0,1.0,1.0,1.0,1.0,1.0,1.0,0.8883317220036289,0.7299895592444032,0.5747286411621089,0.43551272635287386,0.3182344452952482,0.224292482633604,0.1524019625356782,0.09991809593168552,0.0634973505831597,0.03967919926855798,0.02484485866231006,0.015713781257238046,0.010052908319052173,0.006504882244083586,0.004255906481881245,0.002814565110922346,0.001880903466517141,0.0012697987000865048,0.0008657645666259109,0.0005960046351976101,0.00041416825421658856,0.0002904539515239287,0.00020551816173586636,0.00014668900769146477,0.00010559031557307838,7.663673875076331e-05,5.607199984498221e-05,4.134882887690956e-05,3.072577262444794e-05,2.300283287415361e-05,1.7346719385431517e-05,1.3174421851162027e-05,1.0075036623540181e-05,7.756881904112871e-06,6.011456739122543e-06,4.688702156933867e-06,3.6799008105609614e-06,2.9057754964674057e-06,2.3081504826632216e-06,1.8440708719999317e-06
SUSQUEHANNA,5.05,1.0,1.0,1.0,1.0,1.0,1.0,1.0,1.0,1.0,1.0,1.0,0.9354707279865263,0.8424973342197719,0.7348176664873977,0.6205883885529897,0.5066052297286289,0.39982001732308997,0.30505553625407517,0.22481865342443344,0.15991557065000567,0.10971703463406345,0.07260898661382573,0.04648128945416683,0.029117888500069883,0.018201362103152496,0.01147925695021826,0.007321722106731054,0.0047232604681055465,0.0030809391608802488,0.0020314455319727846,0.0013535718141482068,0.0009111523124185324,0.0006194681657375517,0.0004252599266445024,0.00029470684098314,0.0002061210664563008,0.00014546216713206997,0.00010355596381939805,7.43536113088164e-05,5.383167706141684e-05,3.9290906374184946e-05,2.890521467918266e-05,2.1429119635383276e-05,1.600635994236443e-05,1.204367988281391e-05,9.12692574765959e-06,6.964835066652005e-06,5.351092118095649e-06,4.138523792833517e-06,3.221424376286081e-06,2.5233628281494066e-06
WARREN,5.8575,1.0,1.0,1.0,1.0,1.0,1.0,1.0,1.0,1.0,1.0,1.0,1.0,0.981832597325027,0.7900780446217661,0.5937255853101646,0.42684140794512576,0.29478362631683913,0.1958908201337333,0.12561525287974099,0.07816604152165854,0.0479013311845874,0.029448809282453973,0.018294547285714304,0.011498459953184884,0.007312087746325327,0.0047036143482302,0.0030596901222457577,0.0020120721555216417,0.001337215899248054,0.000897903063778444,0.0006089908507521187,0.00041709343151179174,0.00028839574303470635,0.00020126684069056872,0.00014173643704851877,0.00010069722904341347,7.215787680002718e-05,5.214182387234716e-05,3.79868607180407e-05,2.7895626775957673e-05,2.0644647588402767e-05,1.5394399765102042e-05,1.1564302298881748e-05,8.749778126330243e-06,6.666795672132559e-06,5.114501346776921e-06,3.949853357529917e-06,3.0702767243145884e-06,2.401718589609788e-06,1.8903652701786962e-06,1.4968595283459301e-06
BERKS,6.075,1.0,1.0,1.0,1.0,1.0,1.0,1.0,1.0,1.0,1.0,1.0,1.0,1.0,0.9395835220668574,0.8475190452049387,0.7392273368838734,0.6227039699298157,0.5062435926257635,0.3970802413324698,0.30060862661320054,0.21945930852068637,0.15438753174463662,0.10461718670303011,0.06833331341723005,0.0432417473907903,0.026931477024374713,0.016822133146120678,0.010617299853531173,0.0067786788713457835,0.004377330746836549,0.0028580733044939344,0.001886269189023959,0.0012579812074177913,0.0008475495520712488,0.0005767159197448813,0.00039623637528819815,0.0002748119400465358,0.00019235444420220878,0.00013584813698291854,9.678146636274862e-05,6.953806027968048e-05,5.037929755624428e-05,3.679514269592726e-05,2.708630200818973e-05,2.009296418040049e-05,1.5017227774419672e-05,1.1305909213765403e-05,8.57258383646136e-06,6.545322643204632e-06,5.031389535707783e-06,3.893218480843868e-06
CHESTER,5.7525,1.0,1.0,1.0,1.0,1.0,1.0,1.0,1.0,1.0,1.0,1.0,1.0,0.9845836917860954,0.902993276699954,0.7873794027474327,0.6601867053637479,0.5338090497559388,0.41662766722135036,0.31393572119120555,0.22834126177125968,0.16025841634773963,0.10851649021739548,0.07096396202914222,0.04502648782768739,0.028124574111134424,0.0176111667668261,0.011139870303359056,0.007127190922633896,0.004611742189205108,0.0030171206936438068,0.001995120260602995,0.0013331169286715334,0.0008998509304451343,0.0006134252636524919,0.00042221279999505684,0.00029334138255542735,0.0002056763119432083,0.0001455003312041048,0.00010382811489257089,7.472094538494394e-05,5.4219280892709236e-05,3.966058767723186e-05,2.9239559616847575e-05,2.1722175765197095e-05,1.625823216848322e-05,1.2257435313677903e-05,9.306856672069448e-06,7.115515909257183e-06,5.4768958109902525e-06,4.243399630054193e-06,3.3088208316851097e-06
MONROE,5.4825,1.0,1.0,1.0,1.0,1.0,1.0,1.0,1.0,1.0,1.0,1.0,0.9993321696827172,0.9042405287329977,0.7691566319461196,0.6267670381001564,0.4915582837129769,0.37186615852624255,0.27144189493571486,0.1911452030447368,0.12981659344058294,0.08507253150412677,0.054033766788969595,0.03376223342259871,0.021145960780868847,0.013378203808473172,0.008559848822576342,0.005538854758383411,0.0036237202441140497,0.0023963100018806723,0.001601247980282216,0.0010808878775969873,0.0007368749123120741,0.0005072092306779021,0.00035241454906586396,0.000247109959832296,0.00017482192678187905,0.00012475934885474346,8.978975832852422e-05,6.51575116702964e-05,4.766461087012711e-05,3.514258445924854e-05,2.6109098809723963e-05,1.9542820180628082e-05,1.473460514422244e-05,1.1188361136750748e-05,8.554486602019491e-06,6.584846606996739e-06,5.102091500359257e-06,3.978598972910602e-06,3.1219195243155556e-06,2.4646478619491974e-06
LACKAWANNA,6.7,1.0,1.0,1.0,1.0,1.0,1.0,1.0,1.0,1.0,1.0,1.0,1.0,1.0,1.0,0.9429674266193536,0.7999829044572115,0.6443777854242361,0.4974910689857813,0.36950829238070837,0.26423216138389766,0.18193849542211987,0.12069266597481673,0.07739557915362202,0.04854625712521407,0.030378940939186794,0.01918186127718682,0.01225025766644415,0.00791334194586243,0.0051689557879266235,0.0034129606463477406,0.0022772546605703257,0.0015350373698074496,0.0010450461323631966,0.000718370773870719,0.0004984830965605034,0.00034908920234840536,0.00024666382687430974,0.00017581640968537934,0.0001263871151057116,9.160997794154576e-05,6.694049533905532e-05,4.930070831851296e-05,3.658892766804287e-05,2.7358662917085752e-05,2.0606641719411803e-05,1.563173905919254e-05,1.1940366600985452e-05,9.182539907107531e-06,7.108356421259472e-06,5.538154036544235e-06,4.341905691390832e-06
MONTGOMERY,5.7525,1.0,1.0,1.0,1.0,1.0,1.0,1.0,1.0,1.0,1.0,1.0,1.0,0.9845836917861708,0.9042130189290624,0.7899549326180363,0.661885840758941,0.5338356246374302,0.41527398734394527,0.31178024073058114,0.2258696932893542,0.1578368500211707,0.10638160482545256,0.06926432980633644,0.0439009472575207,0.027587385148319998,0.017449624217480333,0.011157485525985405,0.007215174200740789,0.0047177020470269984,0.0031180516643053912,0.0020824489516072333,0.0014050127958664758,0.000957379370987698,0.0006586790809403383,0.00045744835038555445,0.00032061558362403805,0.0002267256883349396,0.00016173069562806468,0.00011634951977123143,8.439651168254281e-05,6.171375040755535e-05,4.548299380965734e-05,3.377848607877362e-05,2.5273879377789106e-05,1.9048592803901102e-05,1.445885420025317e-05,1.1051152629980675e-05,8.50371443229629e-06,6.586636815307028e-06,5.1345352419179685e-06,4.027644614860452e-06
BRADFORD,5.1975,1.0,1.0,1.0,1.0,1.0,1.0,1.0,1.0,1.0,1.0,1.0,0.9588812838517335,0.8718365046638287,0.7676054983804409,0.6545587511304,0.5407034610953829,0.43253830638387775,0.3349523306000728,0.2509899064546872,0.18157169267778497,0.12668486780576338,0.08520551627610526,0.055278697291828736,0.03478893450204172,0.021593440510299846,0.013457837898016823,0.008476807951310688,0.005401350199419018,0.0034811175919130188,0.0022685662060551687,0.0014944097552856877,0.000994829344411506,0.0006690660959145862,0.0004544818985691971,0.0003117316074741512,0.0002158513553006118,0.00015084626041057288,0.00010637000190103785,7.56676724619688e-05,5.4289081719103565e-05,3.927645923564031e-05,2.864699457501012e-05,2.1060283193435758e-05,1.560276242078369e-05,1.1646806334067865e-05,8.757866510777649e-06,6.6327862006597414e-06,5.058502792608304e-06,3.884189153409412e-06,3.0023208212263476e-06,2.3357158054854786e-06
BUCKS,5.82,1.0,1.0,1.0,1.0,1.0,1.0,1.0,1.0,1.0,1.0,1.0,1.0,0.9905847253504048,0.9149476010342437,0.802329166542938,0.6745973208246816,0.5458549776037318,0.425994924660953,0.32085488987049426,0.23319536142020242,0.16348520570437047,0.1105358472545049,0.07215521530414543,0.04574330154427417,0.028630997970444258,0.018001453325899242,0.011439042050307033,0.0073523607469042265,0.004778950210929322,0.00314029449914603,0.002085486250844518,0.0013993236466599633,0.0009483843187359357,0.0006490716313734594,0.0004484706080027296,0.00031275417692800555,0.0002200888016668832,0.0001562497495956604,0.00011188474355750779,8.079021232613804e-05,5.881547499360809e-05,4.315990239794535e-05,3.1918213097972355e-05,2.3783811159047547e-05,1.785363777725028e-05,1.349876680014774e-05,1.0277921743697123e-05,7.879235041642108e-06,6.0807333525546e-06,4.7233323054716795e-06,3.692249009561574e-06
TIOGA,7.81,1.0,1.0,1.0,1.0,1.0,1.0,1.0,1.0,1.0,1.0,1.0,1.0,1.0,1.0,1.0,1.0,0.9516183687926828,0.7795291051489056,0.6018627073628062,0.44167198014861553,0.31035201970694976,0.20941840648375856,0.1361095967446068,0.08555314120337962,0.05253342792531998,0.03212453983959778,0.01981951703964513,0.012374285663630602,0.007819157735101757,0.004998845933875401,0.0032321984611693995,0.002113022520768717,0.001396230874837947,0.0009322532852754867,0.0006288056259485059,0.000428342845449205,0.0002946116058574146,0.00020454338058657117,0.00014331621234765597,0.00010131632738854961,7.225041859071796e-05,5.196168760869909e-05,3.768041416305179e-05,2.7545304662776623e-05,2.0295101416164818e-05,1.5068189221586008e-05,1.1271292401175788e-05,8.49274130847102e-06,6.444724566139405e-06,4.924542175773742e-06,3.7884109291362454e-06
UNION,5.0575,1.0,1.0,1.0,1.0,1.0,1.0,1.0,1.0,1.0,1.0,1.0,0.8883317220598054,0.7299895605576622,0.5747286535089754,0.43571902190926204,0.3186064001121381,0.22470263316171096,0.15285256579078244,0.10040621570357346,0.06408092080621051,0.04039838314349902,0.025585524372607967,0.01637014448854934,0.01058798849669104,0.006923125943696439,0.00457576037480259,0.003056225609902744,0.0020622802058543883,0.0014055008074974036,0.0009672105376817386,0.0006719040337193337,0.000471068045076252,0.0003332327143636001,0.00023779341015676853,0.00017113692355217442,0.00012418970112048082,9.085193724592992e-05,6.698858165637255e-05,4.977358491059866e-05,3.726013555654686e-05,2.809669958297921e-05,2.133789931898203e-05,1.6317576089173605e-05,1.2562943472308304e-05,9.736099757992727e-06,7.593892259219807e-06,5.960180876421089e-06,4.70653841275933e-06,3.738731143648094e-06,2.9871863313054545e-06,2.4002278714389828e-06
VENANGO,4.335,1.0,1.0,1.0,1.0,1.0,1.0,1.0,1.0,1.0,0.9536761286404006,0.7736168022764045,0.5963226668775786,0.440770064037341,0.31325503028084956,0.21440383721394615,0.14150013208940726,0.09031332345175602,0.056229170995992214,0.034787604820663495,0.02168530421646111,0.01366658371355135,0.008711361123646165,0.005616089570477622,0.0036610551759432156,0.0024125658369352288,0.001606673221956744,0.0010810105213180305,0.0007346313548206808,0.0005041198524111635,0.00034923235570333055,0.0002441779616287189,0.00017226929408742885,0.0001226082471389701,8.801274638757358e-05,6.370767974632298e-05,4.649080118652504e-05,3.419655573845021e-05,2.534843475523485e-05,1.8931670589093486e-05,1.4243393007806165e-05,1.0793057899881417e-05,8.235764558380095e-06,6.327257625555994e-06,4.893335919510718e-06,3.808904400128458e-06,2.983527753627157e-06,2.3513987142577604e-06,1.8643249213940516e-06,1.486793680550407e-06,1.1924765968392833e-06,9.61738420280131e-07
WASHINGTON,1.86,1.0,1.0,1.0,1.0,0.9878277400075314,0.8892575542012636,0.7594271678188438,0.6222835065138009,0.4910022897170578,0.3735070714098498,0.2741578640003576,0.1942196142480325,0.13275055290544746,0.08757310046756155,0.05590653191956621,0.03489540760842841,0.021706279831978488,0.01361500905526563,0.00863228377470649,0.005534454953632029,0.0035881525152527015,0.0023519035886935065,0.0015581170445363643,0.001043015594132349,0.0007052997898924423,0.0004816541460734669,0.00033209757655675427,0.00023113126119013127,0.00016233460710266554,0.00011503307935799959,8.222352131179067e-05,5.927016969644038e-05,4.307751079561843e-05,3.156089477498671e-05,2.3304755464613233e-05,1.7340069167353218e-05,1.299824753874988e-05,9.81443419706314e-06,7.462993388839169e-06,5.714141770114865e-06,4.404574075095331e-06,3.417420837435218e-06,2.668475251859454e-06,2.09666188863804e-06,1.657395734180814e-06,1.3179241761470944e-06,1.0540385372173621e-06,8.477377035077681e-07,6.855578735636363e-07,5.573712629236654e-07,4.5551697406933317e-07
WAYNE,4.5625,1.0,1.0,1.0,1.0,1.0,1.0,1.0,1.0,1.0,1.0,0.937534326124479,0.8450309052548483,0.7343316396555749,0.6142179690863727,0.49549157380852865,0.38608839062344297,0.2905813465380189,0.21116791269484525,0.14810292976084866,0.10021220054766694,0.06545781218347901,0.041489794782542236,0.025931785632015036,0.016268595898807123,0.010312046093620186,0.006610845461711989,0.004285939628174132,0.00280924916701693,0.001861059888367524,0.0012457530557368076,0.0008423382962030176,0.0005751889141369305,0.0003965467552102727,0.00027595124902830186,0.00019378570093824316,0.00013729753665184393,9.812019354253954e-05,7.071543917971194e-05,5.138523111765467e-05,3.763925427865185e-05,2.7786575253634588e-05,2.066975170663093e-05,1.5490262766613656e-05,1.1692967790432769e-05,8.889029678997077e-06,6.804101227969404e-06,5.243232133805922e-06,4.0669262494072244e-06,3.174689192906685e-06,2.493643896718133e-06,1.970599178389502e-06
MCKEAN,6.1325,1.0,1.0,1.0,1.0,1.0,1.0,1.0,1.0,1.0,1.0,1.0,1.0,1.0,0.9527075441107294,0.8391608276678907,0.7058627587064613,0.5698395685559016,0.4386529595826507,0.3132101197481363,0.2125017488187973,0.13849657634452867,0.08725476066524816,0.05370702383135247,0.032931291884709286,0.02037443838188807,0.012756167753964388,0.008082425485428445,0.005180900476461117,0.0033586074827344613,0.0022012192632399025,0.0014580988281530176,0.0009759043642544902,0.0006597918796875041,0.00045047783754825646,0.0003105259218741006,0.0002160602375723441,0.00015170575359094068,0.00010746819584837413,7.67912481968898e-05,5.533540085012108e-05,4.020333674924198e-05,2.944417147323353e-05,2.173339363933516e-05,1.6164478624990267e-05,1.2112085481880145e-05,9.141520422765852e-06,6.948346404317772e-06,5.317790562246892e-06,4.09725392290043e-06,3.1775576245651614e-06,2.480057472538126e-06
MERCER,3.48,1.0,1.0,1.0,1.0,1.0,1.0,1.0,0.9983643419171885,0.8754624565934457,0.7202522794983438,0.5644807645990009,0.42395712206276615,0.30609692090381635,0.21272990236567507,0.14238765135404519,0.0919819157561921,0.05774189497241691,0.03581997822601322,0.02233320335614427,0.014074503026170701,0.008971459811050202,0.0057838333489413345,0.0037704148604414994,0.0024846074226417382,0.001654618417987682,0.0011132405451025023,0.000756510308680353,0.0005191144100378323,0.0003596046407301515,0.0002514180670387973,0.0001773678181664287,0.00012622964197211485,9.060659546821397e-05,6.558077244714445e-05,4.7854223657665935e-05,3.5196720422999e-05,2.608769622330191e-05,1.9482133326689682e-05,1.4656232310581126e-05,1.1104860279289477e-05,8.472873057469745e-06,6.50877161330615e-06,5.033196786518723e-06,3.91735580239378e-06,3.068144913697401e-06,2.4178187726857853e-06,1.91676852196516e-06,1.5284398189896937e-06,1.225733676973812e-06,9.884414381750378e-07,8.014055217509125e-07
MIFFLIN,5.0575,1.0,1.0,1.0,1.0,1.0,1.0,1.0,1.0,1.0,1.0,1.0,0.8882621149772517,0.7297828391368273,0.5744890989340351,0.4353079870277124,0.3181504847340853,0.22431118792816518,0.1525477737220792,0.10016258874911645,0.06381990918802749,0.040060833263925795,0.025223926344109845,0.01604418065413022,0.010320873687380362,0.00671396441438162,0.004415522192528555,0.0029348858865746335,0.001970960898080293,0.0013369688032452386,0.0009158111815275932,0.0006333180186627745,0.000442041333058157,0.00031133392652904273,0.00022121423593552628,0.00015853535230149325,0.0001145701897286318,8.347533097104997e-05,6.130510215070872e-05,4.537329257335749e-05,3.3836438944998404e-05,2.541951807023605e-05,1.9233928572174363e-05,1.4655763730107393e-05,1.1243781551483486e-05,8.683713187960167e-06,6.750177260598746e-06,5.280448956902144e-06,4.1562684232742225e-06,3.291139004737453e-06,2.6213998982598776e-06,2.0999110701106667e-06
MONTOUR,8.04,1.0,1.0,1.0,1.0,1.0,1.0,1.0,1.0,1.0,1.0,1.0,1.0,1.0,1.0,1.0,1.0,1.0,0.9338095544475893,0.7680074729702862,0.5713488166865396,0.4047586906671057,0.27532819710022743,0.18062478428409662,0.11530633815031534,0.07294891229593797,0.04646024067144297,0.02992403259304582,0.0194968982090711,0.012845539905541251,0.008554674420266467,0.005756547161810509,0.003912811885656223,0.0026857014690203525,0.0018610197459978102,0.0013015415268147479,0.0009184878463679016,0.0006538767483497175,0.00046949157703989237,0.0003399183565615984,0.0002481102094453284,0.00018253609983480336,0.00013533195901286165,0.0001010916099050765,7.606955695237867e-05,5.7651114328157206e-05,4.399746359916395e-05,3.38060748644183e-05,2.6147791773957652e-05,2.035524376492064e-05,1.594587295533772e-05,1.2568470985932691e-05
NORTHAMPTON,4.4,1.0,1.0,1.0,1.0,1.0,1.0,1.0,1.0,1.0,0.9874798366888228,0.9096257171385562,0.8113473252118163,0.7009792858324675,0.5873003217777888,0.47726543203807453,0.37603443370099954,0.2870505461899876,0.21214280222011422,0.15167016079321174,0.10482965961371425,0.07004270630852454,0.045385223772186525,0.028891637897331308,0.01840374732068285,0.0118297177827886,0.007685741283498765,0.005047813208997628,0.0033507394589846187,0.002247388149463039,0.0015226301755664284,0.0010417735483249373,0.0007196201519274916,0.0005017382408159863,0.00035301360374145256,0.0002505796080342301,0.00017940836317464592,0.00012953516124091337,9.429498615075858e-05,6.919199201428851e-05,5.116842679214754e-05,3.812784344491453e-05,2.862157270082176e-05,2.164088713925681e-05,1.647814161337234e-05,1.2633284853133034e-05,9.750445396418311e-06,7.5746023162978284e-06,5.9217678630080305e-06,4.658325331219143e-06,3.6866136288968295e-06,2.934803167613053e-06
NORTHUMBERLAND,6.53,1.0,1.0,1.0,1.0,1.0,1.0,1.0,1.0,1.0,1.0,1.0,1.0,1.0,1.0,0.866108348314555,0.6960184638479738,0.534674039733915,0.39422065506621273,0.2794024655959989,0.1906595783571254,0.12556585353964714,0.08011304453893354,0.05009312998595246,0.03129021705472099,0.019726724880132128,0.012576067277208522,0.00810833673767778,0.005286249164440536,0.00348395434289265,0.0023204731753100833,0.0015614739596627814,0.0010612753663713512,0.000728354813222611,0.0005046268560983886,0.00035286195867688576,0.0002489685083292453,0.00017721075444736671,0.00012721712457834284,9.209102242140612e-05,6.720693531193937e-05,4.9436441798175245e-05,3.664630267911888e-05,2.737024700801919e-05,2.0592579722089458e-05,1.5604370754076564e-05,1.1907133831895886e-05,9.147820945794387e-06,7.074624860249911e-06,5.5067109207494e-06,4.313341306047849e-06,3.39937759000178e-06
PERRY,5.5575,1.0,1.0,1.0,1.0,1.0,1.0,1.0,1.0,1.0,1.0,1.0,1.0,0.9369622849470715,0.8181470653294474,0.683498500590398,0.5492924348793959,0.4256154266077776,0.3180942367842829,0.2292595049260972,0.15928168447298294,0.10668097046660452,0.0690238985466583,0.04352428423085611,0.027255654362363838,0.017192714045557538,0.010965434908531703,0.007073649185910646,0.004614141523710188,0.003042513257920284,0.0020273884434750125,0.0013648363777673145,0.0009279956268808877,0.0006371191786853568,0.0004415671273325083,0.0003088656407548405,0.00021799069966122915,0.00015520419038643368,0.00011144750490772767,8.06948030973499e-05,5.890313535781745e-05,4.333717069702282e-05,3.2131124224131315e-05,2.4002176821492654e-05,1.806146304551346e-05,1.3688413528031298e-05,1.0446565113582024e-05,8.026725143481553e-06,6.208317463213116e-06,4.8329033888736035e-06,3.785914589350407e-06,2.9839641426229647e-06
PIKE,3.645,1.0,1.0,1.0,1.0,1.0,1.0,1.0,1.0,0.9507878047035611,0.8615546149971083,0.7560103941375365,0.6426333343433698,0.529579107385573,0.423244731090411,0.32790125232283784,0.2460903610376405,0.1787833075275904,0.12564082326230191,0.08536520434727925,0.05610332431619486,0.03585191089812856,0.02263248667453736,0.01434848749102649,0.009189481153645228,0.005950998386136723,0.0038963353563583243,0.0025785211670900973,0.0017242791886170712,0.0011647862940618095,0.0007946414868809458,0.0005473582533617289,0.0003805753165190423,0.00026703891805939087,0.00018904842596880643,0.00013500148281697563,9.722457174140031e-05,7.059812168664578e-05,5.167730453723999e-05,3.812487864024979e-05,2.8342199502448582e-05,2.1227156468374012e-05,1.6014084485570605e-05,1.2167050676988104e-05,9.308169925270826e-06,7.1690876657220195e-06,5.557900771262987e-06,4.336442020384263e-06,3.4045718085676804e-06,2.6892411097690724e-06,2.1368255361391242e-06,1.7077170763091976e-06
POTTER,5.345,1.0,1.0,1.0,1.0,1.0,1.0,1.0,1.0,1.0,1.0,1.0,0.9801351343133031,0.8996736696102291,0.7983970102534204,0.6829965965488367,0.5584000096394401,0.43287078890098557,0.3212733917659075,0.22893916079098167,0.15678781957771942,0.1033595223027336,0.06581262604269646,0.04084855660623392,0.025191592906485545,0.01565634422057295,0.009840346618304666,0.006257018167754484,0.004024320819820849,0.0026173540503679786,0.0017208621914950627,0.001143449703829543,0.0007676349444468055,0.0005205271651296124,0.00035642775750631807,0.00024639458844482194,0.00017191653086500504,0.00012104007944718212,8.597395017218075e-05,6.159342338512145e-05,4.449772002651899e-05,3.2410499442345475e-05,2.3795189504343666e-05,1.76060240122584e-05,1.3125549277081113e-05,9.857693124950724e-06,7.4568314708242015e-06,5.680364811295864e-06,4.3567697481216495e-06,3.363914907069634e-06,2.6142361295872344e-06,2.044528976634293e-06
SCHUYLKILL,7.155,1.0,1.0,1.0,1.0,1.0,1.0,1.0,1.0,1.0,1.0,1.0,1.0,1.0,1.0,1.0,0.9662191697419289,0.853179031111502,0.7146676425480458,0.5727107114822518,0.43465706687104155,0.3136532607651931,0.21691238171644042,0.14423994975297919,0.09255224617893548,0.057734092851010714,0.035645600580114935,0.02214555558401893,0.013914684779363942,0.008846740181480506,0.005689817680936289,0.003700580082279222,0.0024330842974384795,0.0016167016977236732,0.0010853386945013151,0.0007359469845197555,0.0005039199381970881,0.00034833906339531843,0.00024303215051518385,0.0001710978548084367,0.00012151947972223493,8.705057197122796e-05,6.28822643807503e-05,4.579566669114475e-05,3.361796846190317e-05,2.4870405689167556e-05,1.853848547246807e-05,1.3920774316800859e-05,1.0528588444516379e-05,8.018929446110354e-06,6.149303860683095e-06,4.747058439981043e-06
SNYDER,6.53,1.0,1.0,1.0,1.0,1.0,1.0,1.0,1.0,1.0,1.0,1.0,1.0,1.0,1.0,0.8629893467129358,0.6832822568389711,0.5160764322233125,0.3742734663707239,0.26111415905648594,0.1754421246290495,0.1138492472819254,0.07194292718057868,0.04507133956825854,0.02842665558202954,0.018130010469475936,0.011697036932745857,0.0076317904545114956,0.005033799609660451,0.003355383026455408,0.0022596151955006417,0.001536920710987514,0.001055548236012042,0.0007318205249311131,0.0005120653930446263,0.00036152526832767477,0.00025748118742506337,0.00018494818241727756,0.0001339550601033888,9.78097071368269e-05,7.198305134639047e-05,5.338484406093977e-05,3.9889750556394315e-05,3.0024694666590644e-05,2.276094076856066e-05,1.7374749527010363e-05,1.3353281125282664e-05,1.0330582053426474e-05,8.043722265940138e-06,6.302527345443317e-06,4.968547946731748e-06,3.94034906730549e-06
SOMERSET,4.1875,1.0,1.0,1.0,1.0,1.0,1.0,1.0,1.0,1.0,0.957360545319459,0.8698924243405288,0.7654039645711966,0.6523724795732655,0.5216781996557842,0.3884001435823052,0.2741927736481251,0.1852986936425039,0.12042596718101946,0.07568287495516357,0.04654241877596621,0.02856029072664881,0.01769052066312645,0.011086904892875667,0.007030864462707082,0.004510484166793695,0.0029262755832169434,0.0019193273281971409,0.0012723192010010466,0.0008521859084133767,0.000576563545708356,0.00039393291266638647,0.00027173840843861685,0.00018920307026223297,0.00013293870835093456,9.423698666461742e-05,6.738157795508246e-05,4.858660316864226e-05,3.532284116033366e-05,2.588623909592261e-05,1.9119182161734472e-05,1.4228911580574666e-05,1.0668250572056216e-05,8.05662447659058e-06,6.127349938552961e-06,4.692185111825697e-06,3.617309351242675e-06,2.806928012205515e-06,2.1920017047846818e-06,1.7224441691808723e-06,1.361684443106223e-06,1.08285162186577e-06
SULLIVAN,8.13,1.0,1.0,1.0,1.0,1.0,1.0,1.0,1.0,1.0,1.0,1.0,1.0,1.0,1.0,1.0,1.0,1.0,0.9000791393263307,0.718867420239096,0.5363633215718046,0.3824337840452748,0.261982821847523,0.17290497390526788,0.110353159652553,0.06879511124719535,0.0427126789128845,0.026754281721751254,0.01695562574553807,0.010872484359482935,0.007051502085665741,0.004623964983158521,0.0030646736855455387,0.002052388309893284,0.0013884107463339565,0.000948513698759651,0.000654222681031503,0.00045546732829371294,0.0003199892277714348,0.000226808846044138,0.00016215636645340798,0.00011691304291577088,8.498748080079346e-05,6.227596672915408e-05,4.599094590637547e-05,3.4223592239012484e-05,2.5656501527458147e-05,1.937345930859945e-05,1.473248970469152e-05,1.128048231889979e-05,8.695348430243776e-06,6.746542006666027e-06
LEBANON,7.09,1.0,1.0,1.0,1.0,1.0,1.0,1.0,1.0,1.0,1.0,1.0,1.0,1.0,1.0,1.0,0.9420233919724403,0.8504854027309271,0.74240080618954,0.6249348408079833,0.5029175547014706,0.38657051328657444,0.28433219027063,0.20049412000020547,0.1357587888592211,0.08855362466104673,0.056163141733082456,0.035318557072214304,0.02236459841216883,0.014319424221160471,0.009273174871204416,0.006072156569641414,0.00401905025454275,0.002688028924700743,0.0018161363549622778,0.0012392204642677636,0.0008537323249616847,0.0005936902929575841,0.00041663827158075224,0.0002949977056034843,0.0002106884202360572,0.00015175056001303578,0.0001102034504119679,8.067620086410838e-05,5.952418955992918e-05,4.425415541880746e-05,3.3146984319728696e-05,2.5008197364532895e-05,1.900160126477333e-05,1.4537525818155335e-05,1.1197169686718007e-05,8.681011744442213e-06
BUTLER,1.86,1.0,1.0,1.0,1.0,0.9878277400075386,0.889257554202935,0.7594271678428512,0.6222832762144243,0.490903724688421,0.37326620646143277,0.27384574507933584,0.19384968043699163,0.13236217425570224,0.0872092345069647,0.055611068082598136,0.03471091157243302,0.021622341810595948,0.01358971534177849,0.008636214571476135,0.005550384934608242,0.0036070638780991175,0.002369766142432181,0.0015734650841689696,0.0010555738115299628,0.000715292077684775,0.0004894732450015677,0.0003381554533731893,0.00023579808753491907,0.0001659198152003143,0.00011778523393395387,8.433760860900444e-05,6.0896922707723895e-05,4.433240509229799e-05,3.2531923275337745e-05,2.4058779702979294e-05,1.792784093844853e-05,1.3458300089849055e-05,1.0176059244195203e-05,7.74850046382141e-06,5.940564526857227e-06,4.584955453297648e-06,3.561779945257335e-06,2.784534823588399e-06,2.1903961046911137e-06,1.733443411625514e-06,1.379901062826315e-06,1.1047739289773448e-06,8.894542184136894e-07,7.200084474249261e-07,5.859438764335734e-07,4.793149764274997e-07
CAMBRIA,6.09,1.0,1.0,1.0,1.0,1.0,1.0,1.0,1.0,1.0,1.0,1.0,1.0,1.0,0.8203213185627375,0.6053748752719826,0.4273616571834202,0.29000589935462073,0.18977830097227127,0.12016093424123094,0.07421617924397898,0.04554734137830423,0.028178526201218544,0.017638324789668227,0.011173468142776258,0.0071611926079836125,0.0046419004966289,0.003042098524637818,0.002015035186022731,0.001348645417286058,0.0009117995417896841,0.0006225486933828552,0.00042915074884655,0.0002986090096801614,0.00020967640502092346,0.00014854222883323433,0.0001061467937864664,7.649373133223758e-05,5.557951634875127e-05,4.07083916811868e-05,3.005010549411456e-05,2.2351968097639224e-05,1.6749823812707354e-05,1.2642952779451378e-05,9.610626931041125e-06,7.35602115302661e-06,5.668228079110513e-06,4.396344277435286e-06,3.431664868642089e-06,2.6953638115475413e-06,2.1299115255082794e-06,1.6930561945325818e-06
CAMERON,4.2675,1.0,1.0,1.0,1.0,1.0,1.0,1.0,1.0,1.0,0.9692458994001274,0.8852479035629297,0.7829154849899221,0.6706921777172186,0.5568285746930087,0.4483616550827945,0.3496897213439456,0.26344781228061726,0.19142295288010885,0.1337308884971182,0.08983325139200718,0.05822963532004255,0.036893609253852794,0.02332134027707013,0.014868896775228794,0.009583925801128861,0.006246483275019267,0.004115798280100874,0.0027407504512418973,0.0018439739814519835,0.0012531099280519555,0.0008599190219736614,0.0005957301990026108,0.0004165422201144357,0.0002938887394289651,0.00020918071666467108,0.0001501683009429039,0.00010870727828876729,7.933613922066889e-05,5.836148817260417e-05,4.32650894296376e-05,3.2316189827093965e-05,2.4315964981917883e-05,1.8427707390871514e-05,1.4063104974421453e-05,1.0805500949056946e-05,8.357722920411608e-06,6.506357052412608e-06,5.097109870607071e-06,4.017698862274079e-06,3.185890895742385e-06,2.541084376025668e-06
CARBON,5.8175,1.0,1.0,1.0,1.0,1.0,1.0,1.0,1.0,1.0,1.0,1.0,1.0,0.9903580398859101,0.903376671266579,0.7872175824415136,0.6587246052284383,0.5301560772099927,0.4111063256057998,0.30729883651711803,0.22140241565489346,0.1537132992351454,0.10286354432722111,0.06655042424497604,0.04211211034268708,0.026576623291094875,0.01691676722990464,0.01088749642898222,0.007085856925272077,0.004662259617244256,0.003100313407931289,0.002083005873163729,0.001413609233723065,0.0009687389600086572,0.0006702120694354701,0.00046799318982213906,0.00032975084587362046,0.0002343968898128519,0.00016805082142209055,0.00012149497334902376,8.855506235350836e-05,6.506041617331324e-05,4.817058315244538e-05,3.593553276074046e-05,2.7006048417438616e-05,2.044148830996133e-05,1.5581177695321943e-05,1.195771233633023e-05,9.238078656091482e-06,7.183374272891043e-06,5.621057065508024e-06,4.425693203808939e-06
CENTRE,2.2525,1.0,1.0,1.0,1.0,1.0,0.9670666517843061,0.8824036811952238,0.779650225062539,0.6672596489899878,0.5532670051539684,0.44439426419324035,0.3458076123463589,0.2607301810671034,0.1903405658953289,0.13444240101871624,0.09181666335197458,0.060616458231776416,0.03876242894755627,0.02425477952942956,0.015132539277910036,0.009519456656171174,0.006052894663891469,0.003891780640123204,0.002530159358899995,0.001662878389549665,0.0011045043470616631,0.0007412245186432837,0.0005024490258858702,0.00034393975583784866,0.00023769095207975874,0.00016579742971117831,0.00011670131329816788,8.287188452331039e-05,5.9357494614294286e-05,4.2873275325840266e-05,3.1221145132224026e-05,2.2917788990988887e-05,1.6953964278648773e-05,1.2637454822673404e-05,9.489756470975486e-06,7.17756282406005e-06,5.466971868907211e-06,4.192643893747927e-06,3.236873623670447e-06,2.5152858523180852e-06,1.9669885377905712e-06,1.5477471425896357e-06,1.2252210682623682e-06,9.756171417087017e-07,7.813233774074333e-07,6.292252820598191e-07
CLARION,5.31,1.0,1.0,1.0,1.0,1.0,1.0,1.0,1.0,1.0,1.0,1.0,0.986246852171252,0.8982930410544657,0.7183833616618163,0.5326575797135755,0.377169225321511,0.2565380410986204,0.16807233146448342,0.10650919628926465,0.06597090276938379,0.04071098624743977,0.025349171255541928,0.015971583327530816,0.010183100109372697,0.006567585595594188,0.0042831963154461306,0.0028237308739495594,0.0018812212846708296,0.001266177000531064,0.000860736012011845,0.0005908191854547085,0.00040939300524837593,0.00028630118088865994,0.0002020233549419053,0.00014380614479075833,0.00010324169559337895,7.473801744297084e-05,5.4543894994818785e-05,4.0121813892190356e-05,2.9741219367831312e-05,2.2212473874088403e-05,1.671141820196129e-05,1.2662755847035817e-05,9.661933461451762e-06,7.422411386340467e-06,5.739807897917863e-06,4.467340841922702e-06,3.4988881321730787e-06,2.757222808220483e-06,2.1857868899044144e-06,1.7429017365769195e-06
CLEARFIELD,5.055,1.0,1.0,1.0,1.0,1.0,1.0,1.0,1.0,1.0,1.0,1.0,0.8874828809913635,0.7287615672501939,0.5733563770901343,0.43412911757361206,0.3167274915540929,0.22243828247347616,0.15029563643166022,0.09785797879970416,0.0616155561211675,0.037975437439738594,0.023375121319080296,0.014527100539944085,0.009134965636100589,0.005812191965675313,0.0037406382733760376,0.002434351525295985,0.0016014717021487414,0.0010647014538647608,0.0007151371049157307,0.0004851642799285946,0.000332365223005381,0.00022985942128249252,0.00016044452724395906,0.00011300617419049178,8.029631854952461e-05,5.754524206875602e-05,4.1586287153780224e-05,3.0298897369470734e-05,2.2251063638166156e-05,1.6467799711546794e-05,1.2279960792330153e-05,9.224713013821837e-06,6.979481628474056e-06,5.317773619236149e-06,4.079404811846767e-06,3.150285118905601e-06,2.4485935179339866e-06,1.915255832550633e-06,1.5073406470343238e-06,1.1934480579674605e-06
CLINTON,5.055,1.0,1.0,1.0,1.0,1.0,1.0,1.0,1.0,1.0,1.0,1.0,0.8875707705796824,0.7291903664646753,0.5739810413220938,0.43481687489758764,0.317530493514605,0.22373903643764845,0.15208999745327312,0.09977287328068365,0.06334870122187233,0.039343453363111146,0.024366266828204256,0.0152249319214973,0.009621313561069827,0.006150312833421391,0.003976178635868908,0.0025990764683946617,0.0017172340401081028,0.0011464984234003132,0.0007732716811775737,0.0005267337461444916,0.00036227663992677045,0.00025152025925420673,0.00017623231839761919,0.00012458836799419612,8.884867592757849e-05,6.390144889583592e-05,4.6340848591654784e-05,3.3878208332390845e-05,2.4962726516201226e-05,1.8535014679745085e-05,1.3865628368551889e-05,1.0448414021092347e-05,7.929502378523525e-06,6.059667392311381e-06,4.662119838456597e-06,3.6105741655719577e-06,2.8142038278569675e-06,2.2072489689699425e-06,1.7417884229211002e-06,1.3826787943608081e-06
COLUMBIA,8.0775,1.0,1.0,1.0,1.0,1.0,1.0,1.0,1.0,1.0,1.0,1.0,1.0,1.0,1.0,1.0,1.0,1.0,0.9381394756088843,0.7703477528870765,0.5725515931031792,0.40482319553946416,0.27469685168137686,0.17961315319053547,0.11368753958993179,0.07045615494424616,0.0435910367290261,0.027231767792015044,0.017215700078407926,0.011012976450644356,0.007126080281972568,0.004662323813755891,0.003083297019407025,0.002060427614230517,0.001390929814709043,0.000948292507317782,0.0006527655014908808,0.0004535681580860236,0.00031804949598820677,0.00022501586036432472,0.00016058322870489818,0.00011557421175522172,8.386929639515928e-05,6.135308334110774e-05,4.523488368879413e-05,3.360693105550396e-05,2.5154709093545942e-05,1.89654736295664e-05,1.4400678882246366e-05,1.1010322517620921e-05,8.475001339024345e-06,6.566423926009134e-06
CRAWFORD,5.52,1.0,1.0,1.0,1.0,1.0,1.0,1.0,1.0,1.0,1.0,1.0,1.0,0.8118364540554103,0.6114921932440284,0.43989684082638414,0.3037103425057191,0.20169261044029022,0.12923767908889938,0.08034241223257536,0.04911450344314261,0.030085595566165038,0.018623788380486197,0.01166172968027371,0.007387522257937792,0.004734134195908179,0.0030681544302339115,0.0020103768063980594,0.001331411411200198,0.0008909605153625704,0.0006022796348170955,0.0004111668425492617,0.00028340574901998913,0.00019718040455201502,0.00013844596920920614,9.807496050066376e-05,7.008090909652593e-05,5.0502181589967406e-05,3.6694157152676646e-05,2.6876330944181932e-05,1.9839994938032495e-05,1.4757952605548067e-05,1.1059621908682068e-05,8.348391621926323e-06,6.346503404200987e-06,4.858007696790016e-06,3.743679084478033e-06,2.903905070490061e-06,2.26692998859912e-06,1.7807214734731198e-06,1.4073047056005403e-06,1.118789316274001e-06
CUMBERLAND,5.5575,1.0,1.0,1.0,1.0,1.0,1.0,1.0,1.0,1.0,1.0,1.0,1.0,0.9369622849471276,0.8181470653307995,0.683498500603242,0.5493889698518859,0.4259294571855058,0.31861066515030184,0.22987601605151203,0.15992371436317196,0.10728584361922595,0.06953484036533228,0.043896032602826894,0.02749367455051447,0.017337842402955442,0.011051852767845665,0.0071246257344099355,0.0046442452541291465,0.003060360226667865,0.002038005707493301,0.0013711652123169393,0.000931767943670039,0.0006393614640639104,0.00044289137506737603,0.0003096385752235366,0.00021843297008691882,0.00015544894396952723,0.000111575209785995,8.075408074466709e-05,5.892329351247587e-05,4.333578065918393e-05,3.21186212971114e-05,2.3984662753853797e-05,1.8042417194991045e-05,1.36697388915835e-05,1.0429227552914823e-05,8.011143156541685e-06,6.1945987481182425e-06,4.820987279899275e-06,3.775656731302653e-06,2.9751858314741096e-06
DAUPHIN,7.1425,1.0,1.0,1.0,1.0,1.0,1.0,1.0,1.0,1.0,1.0,1.0,1.0,1.0,1.0,1.0,0.9277327070412735,0.7767884974172602,0.6195116982304427,0.47393484865209484,0.3479259156073811,0.245054237456436,0.16587585844753167,0.10815011385794879,0.06833783168709308,0.042512181278417736,0.026524807854806067,0.016723035068351103,0.010666079499792265,0.006881235799486357,0.004489124923039886,0.0029603959151624573,0.0019728716585032968,0.0013282661840138335,0.000903215532114904,0.0006201625109768832,0.00042985249858037294,0.00030069680489609344,0.00021224249291077764,0.00015112338928303728,0.00010852535459644981,7.858467061498882e-05,5.7366837350278585e-05,4.2209685809873404e-05,3.129719582638021e-05,2.3380671225829885e-05,1.7594828178362916e-05,1.3335519032783943e-05,1.0177801891497627e-05,7.820626226641055e-06,6.049210915233261e-06,4.70927042554007e-06
INDIANA,5.31,1.0,1.0,1.0,1.0,1.0,1.0,1.0,1.0,1.0,1.0,1.0,0.9862468521712145,0.8982930410495935,0.720097439086139,0.5286010261085277,0.3705791942694785,0.2495792240467913,0.16201105166011268,0.10179677303737356,0.06256912291525259,0.03834992749128043,0.023726228942478795,0.014855836235236144,0.009413990396374933,0.006035380889760326,0.003913209874652242,0.002565166271553636,0.001699493037058264,0.0011376811227084172,0.0007693093346930799,0.0005253486388036131,0.0003622023739784253,0.0002520614657095046,0.0001770152378672416,0.00012541928199116651,8.963354231660491e-05,6.460038351030378e-05,4.694248372851589e-05,3.4385391303861957e-05,2.5384674806280894e-05,1.888312917122667e-05,1.4151360594768464e-05,1.0682269723626782e-05,8.120658665560977e-06,6.21590818866633e-06,4.789925006838395e-06,3.7152724814510576e-06,2.9001424903351427e-06,2.277956186561712e-06,1.8001187496339183e-06,1.4309379053738953e-06
JEFFERSON,3.57,1.0,1.0,1.0,1.0,1.0,1.0,1.0,1.0,0.9387655790029571,0.8465555822609555,0.739299762467731,0.6255060693296911,0.5132332584044591,0.40661070622787265,0.30709710916593297,0.22187957117742324,0.153684093050922,0.10229569094042791,0.06571356313921647,0.041177190435291465,0.025673591581881226,0.016138508743855244,0.010258719946896517,0.006595850821221179,0.00428850839783067,0.002818851067458207,0.0018725732158089876,0.0012568466242839223,0.0008520879643887213,0.0005833538694786232,0.0004031960027628852,0.0002812751680152956,0.0001980046339528641,0.00014062054257472608,0.00010072911777637585,7.276124282578939e-05,5.2989819373154934e-05,3.889939303476997e-05,2.8778248296738972e-05,2.145222454955099e-05,1.610957985741805e-05,1.2184831695850638e-05,9.281108875871985e-06,7.1178488057374554e-06,5.495303460874719e-06,4.270276305893149e-06,3.3394182804898853e-06,2.6276478439214914e-06,2.080068717131976e-06,1.6562914452902855e-06,1.3264180079646266e-06
JUNIATA,5.5575,1.0,1.0,1.0,1.0,1.0,1.0,1.0,1.0,1.0,1.0,1.0,1.0,0.9369246509840843,0.8166484260653007,0.6802724337734118,0.5398563654274705,0.4091756773966567,0.2973010587168613,0.20750820456908342,0.13932498942223948,0.09025893044437751,0.05696427530777212,0.035709335624692445,0.022553989881860262,0.014405136750518351,0.009306238058753972,0.0060794962548409125,0.0040146916870364745,0.0026791158810959455,0.0018061707837195408,0.0012298016785787776,0.0008454873171545582,0.0005867678617185574,0.000410968082794885,0.00029042309510955483,0.00020703188580022895,0.0001488438508805226,0.00010789945982489141,7.88518646549466e-05,5.807924475622214e-05,4.3108259512497295e-05,3.223643337991768e-05,2.4282813684232676e-05,1.8422016683443466e-05,1.4072916016692372e-05,1.0823415943991799e-05,8.379235424765481e-06,6.528787551659164e-06,5.1189264389753896e-06,4.0380836158431754e-06,3.204463730187091e-06
LANCASTER,6.0275,1.0,1.0,1.0,1.0,1.0,1.0,1.0,1.0,1.0,1.0,1.0,1.0,1.0,0.9317203127559411,0.8378611304591846,0.7287865214621073,0.612944634181985,0.49856162072000554,0.3918769259465603,0.2972416570587346,0.21753852978022659,0.15347426793718166,0.10430106257952464,0.06829883527712226,0.04327202375022031,0.026918134145050766,0.016768205644056823,0.0105514467834125,0.006716524459587108,0.004324536127064716,0.0028155622471948446,0.001853052109917657,0.0012324809773516165,0.0008281757460235467,0.0005620814215225158,0.000385211627422837,0.00026651128878763815,0.00018609888165948554,0.00013112414681128046,9.320386739758262e-05,6.681927177152442e-05,4.8305078042112546e-05,3.520595931899097e-05,2.5863264529014463e-05,1.9147317195272108e-05,1.4282551588999956e-05,1.0732352269920116e-05,8.12260467650059e-06,6.190547131997041e-06,4.750289391521043e-06,3.6693937667078667e-06
WESTMORELAND,4.06,1.0,1.0,1.0,1.0,1.0,1.0,1.0,1.0,1.0,0.8665876413744465,0.6858159321218216,0.5172214263388251,0.3743322031646108,0.2605800939778829,0.17471090176855442,0.1129667853334976,0.07075261877481753,0.04347961427496574,0.026728183537307437,0.01659432669703503,0.010421978579239178,0.006621812315653187,0.004255744045449772,0.002765841338023765,0.0018171984701444036,0.0012066304941812966,0.0008095095162563897,0.0005485663781077644,0.0003753911628186304,0.000259345229206086,0.00018084513879266682,0.0001272529212876635,9.033619854592564e-05,6.46833367961512e-05,4.6705231434625256e-05,3.400083114749238e-05,2.4950264970911155e-05,1.845165900946663e-05,1.3749456146142195e-05,1.0321500075679042e-05,7.804170776794377e-06,5.94235821973388e-06,4.555777085478815e-06,3.5161148778306176e-06,2.731416035779866e-06,2.1353346514238597e-06,1.6796863833879204e-06,1.3292516864236283e-06,1.058125788340936e-06,8.471384310768174e-07,6.820183018945711e-07
WYOMING,7.4925,1.0,1.0,1.0,1.0,1.0,1.0,1.0,1.0,1.0,1.0,1.0,1.0,1.0,1.0,1.0,0.9995803597857665,0.8783470028054763,0.7224456707241025,0.5661050133019161,0.4255410391207659,0.3076101178718753,0.2138891962807946,0.14310585766615377,0.09236433868398147,0.058098468163274505,0.036344397093987124,0.02292399159047117,0.014624982047365046,0.009438347843764237,0.00615955699692449,0.00406355614761157,0.002709122326108338,0.0018246907314862773,0.001241277181525671,0.000852616272092289,0.0005912007694700945,0.0004137214104922016,0.00029212661838577545,0.00020807788816980434,0.00014947780981322876,0.00010827556422422011,7.90672321501403e-05,5.8195144130817186e-05,4.316335034285356e-05,3.2255069777492265e-05,2.4280277353800498e-05,1.8407828729336794e-05,1.4052940307522034e-05,1.0801198716629144e-05,8.35686009159329e-06,6.507420627899115e-06
YORK,6.785,1.0,1.0,1.0,1.0,1.0,1.0,1.0,1.0,1.0,1.0,1.0,1.0,1.0,1.0,0.9717592147091998,0.8771760002741076,0.7456793818974431,0.6022236442272983,0.4629677863348732,0.3412736956875244,0.24171238325936262,0.16464672280046488,0.10801079260853465,0.06850350600249695,0.042471661994780974,0.026247935398387344,0.0163669631978945,0.010324915353408428,0.0065899864467337905,0.0042543105430327055,0.0027770100273122942,0.0018322924913407354,0.0012216733140599128,0.000822884043793945,0.0005597974426237708,0.0003845223064774993,0.0002666267850826869,0.0001865838636555436,0.00013174430619712507,9.383810684340877e-05,6.7409479142513e-05,4.882747670058667e-05,3.5654863711857373e-05,2.6241967302911217e-05,1.9463066460462045e-05,1.4543861623989318e-05,1.0947633007849787e-05,8.299525104313426e-06,6.3357970474294605e-06,4.869548597576285e-06,3.767401542952668e-06
PHILADELPHIA,5.5775,1.0,1.0,1.0,1.0,1.0,1.0,1.0,1.0,1.0,1.0,1.0,1.0,0.9387980271589729,0.8395577183628068,0.7232264582884278,0.6013797300516016,0.48312945240999505,0.37499892231952087,0.2811471310242456,0.2035209023660784,0.1421985803115517,0.09593746287445591,0.06279274152741313,0.04047762436758277,0.02615679041814966,0.017064587060097083,0.011253083226757065,0.007500135539494853,0.005050786946378954,0.0034356518224713966,0.002359910254692777,0.00163644694071867,0.0011452979050113918,0.0008087978554880973,0.0005761896202598621,0.00041399698072008915,0.0002999443448647124,0.00021908073561703858,0.00016128669611464476,0.0001196566978997497,8.944069795019335e-05,6.734585102717057e-05,5.1072127182662515e-05,3.90010663435351e-05,2.9985579239580856e-05,2.320693366997428e-05,1.80767456857535e-05,1.4169337510975268e-05,1.1174730877624937e-05,8.865760262473184e-06,7.074913206568261e-06
LEHIGH,5.8175,1.0,1.0,1.0,1.0,1.0,1.0,1.0,1.0,1.0,1.0,1.0,1.0,0.9903580398859215,0.914506847900332,0.8023245644532637,0.6754360848100575,0.5478391594980379,0.42853768782055185,0.32338517407399886,0.23540498196040227,0.16525056442613534,0.11185881126978046,0.07313820191854978,0.046582038906922106,0.029447040619591712,0.01874321021022645,0.01205867588193611,0.007844991196888154,0.0051597851666306226,0.0034299271615201785,0.002303679215738685,0.0015628599101863187,0.0010706874696623481,0.0007405237105539051,0.0005169422975035588,0.00036414047980449273,0.00025877350821957543,0.0001854802742726141,0.0001340628727612938,9.769235000062114e-05,7.175705901890566e-05,5.3117040032081355e-05,3.9617186133397626e-05,2.9766751515085865e-05,2.2526667331650355e-05,1.7167292476941883e-05,1.3172544540533698e-05,1.017480590138227e-05,7.910403444531084e-06,6.188942668491262e-06,4.8720380520151675e-06
LUZERNE,6.795,1.0,1.0,1.0,1.0,1.0,1.0,1.0,1.0,1.0,1.0,1.0,1.0,1.0,1.0,0.973181223658431,0.8632567591484411,0.7176753286623703,0.5698603620580052,0.4340733224542582,0.31799815467453574,0.22420686783619162,0.15216747836424774,0.09953850983795773,0.06299712234838863,0.03903644463960763,0.0241555652071748,0.015090323405470283,0.009537782734032557,0.006098954490436623,0.0039444395305535925,0.002579261607874284,0.0017047187429713,0.0011384983721356061,0.0007680964061624452,0.0005233460164996747,0.00036003298343519855,0.0002500170712450276,0.0001752136886030499,0.00012389029423165017,8.836494738305434e-05,6.356256722204356e-05,4.6100873011302236e-05,3.370646465622623e-05,2.4838530861311932e-05,1.84442836127367e-05,1.379868055586929e-05,1.039853140716028e-05,7.89197991684477e-06,6.031179831025732e-06,4.640296066793068e-06,3.593708611639711e-06
LYCOMING,6.53,1.0,1.0,1.0,1.0,1.0,1.0,1.0,1.0,1.0,1.0,1.0,1.0,1.0,1.0,0.8661083481708527,0.6926965216317202,0.5260147939276264,0.3827222117530019,0.26760225835689677,0.1801609942904906,0.11698550026846358,0.0735214942344088,0.045171657328635956,0.027656945492544594,0.01708276499022701,0.010673024112991376,0.006746932969066841,0.004314725894926555,0.002790649571959122,0.0018248613778451192,0.001206142247209864,0.0008055431656909112,0.00054347988318632,0.00037031349892962726,0.00025476383720543776,0.00017692216188958356,0.00012399380178029044,8.767804840386193e-05,6.253994167670052e-05,4.4988845871769645e-05,3.2631763564367076e-05,2.3860220190277858e-05,1.7584043188537033e-05,1.3058335958778813e-05,9.770084156135827e-06,7.3632375944484504e-06,5.588819529008293e-06,4.271445122717935e-06,3.2866821348983157e-06,2.545629826156147e-06,1.9843389662058547e-06
LAWRENCE,1.86,1.0,1.0,1.0,1.0,0.9878277400076421,0.8892575542288756,0.759427168215565,0.6222842018538921,0.49130428857826547,0.3743693072321876,0.2753303601489137,0.1953934796477113,0.13377861359463383,0.08843793752908015,0.05673262534905045,0.03584993528473364,0.02271753569117803,0.014538783768772916,0.00940759963259478,0.006154721527722833,0.004070140569887962,0.002719916836512846,0.0018362146598892414,0.0012519716226556388,0.0008618972584739706,0.0005989598906647617,0.0004200648073671004,0.00029724163653998593,0.0002121677178492749,0.00015273185414798243,0.00011085813728779531,8.111527304736911e-05,5.98200332830988e-05,4.445429934180615e-05,3.3282837778529436e-05,2.510064507602242e-05,1.9064610900646895e-05,1.4580490253674362e-05,1.122643782605777e-05,8.700895425530496e-06,6.7868204736446565e-06,5.3269587556648704e-06,4.206634219560107e-06,3.341690371359314e-06,2.6699859361024313e-06,2.145358851299772e-06,1.733315451226456e-06,1.4079330010500502e-06,1.1496208247763867e-06,9.434926304120156e-07,7.781764655577971e-07
DELAWARE,4.4625,1.0,1.0,1.0,1.0,1.0,1.0,1.0,1.0,1.0,0.9954322166784586,0.9206317495299016,0.8244726425845257,0.7152081144506475,0.6016943575942458,0.4909777430626032,0.38846519449301004,0.29786265217728286,0.22118657205545011,0.1589528941029921,0.11048313704503063,0.07429570383991041,0.048549903379604055,0.03128393449631284,0.020212924498764245,0.013177943921473546,0.008679180210760916,0.005776178745398637,0.0038840792920223134,0.0026382329522524153,0.001809664111446948,0.0012532216527576074,0.000875977551770715,0.0006178565865783426,0.00043965318288085583,0.0003155456095686825,0.0002283746963340489,0.00016663838581712826,0.00012256126581394706,9.084371639618985e-05,6.784450917392512e-05,5.104222688765177e-05,3.867752976689284e-05,2.951367289190804e-05,2.267495571669122e-05,1.753692759329827e-05,1.3651223472020244e-05,1.069374061026329e-05,8.428659804143907e-06,6.683297392999467e-06,5.33041125510365e-06,4.275670942491795e-06
ELK,5.3075,1.0,1.0,1.0,1.0,1.0,1.0,1.0,1.0,1.0,1.0,1.0,0.9859535629367834,0.8977467702294037,0.7762105831613852,0.6404370838762942,0.5028040185550954,0.37622838949366966,0.26945623303721755,0.1849163867097767,0.12193354850391298,0.07761640812196444,0.04820135527018933,0.02977771830422364,0.01854800256294145,0.011687149351276389,0.00745098131095152,0.004804908437489782,0.0031331329903218253,0.0020651802812460627,0.0013756081289660578,0.0009256957573029422,0.0006291629789404419,0.0004317858077046165,0.00029914144554887584,0.00020916250502266183,0.00014756695012812615,0.00010502535854551274,7.538821499362165e-05,5.4566221515937265e-05,3.981665393151591e-05,2.9284495182852916e-05,2.1704846502688266e-05,1.6208311124921536e-05,1.2192677054754415e-05,9.237636956279438e-06,7.04766870547408e-06,5.413486438976411e-06,4.185831298554582e-06,3.257522700974951e-06,2.5510796348007193e-06,2.010124462624423e-06
ERIE,7.4725,1.0,1.0,1.0,1.0,1.0,1.0,1.0,1.0,1.0,1.0,1.0,1.0,1.0,1.0,1.0,0.9966652995981072,0.9223618264193247,0.6625209623092058,0.44309907850049246,0.28503196905662165,0.17746394920142208,0.10790482897876844,0.06530549723762152,0.03988848706800711,0.024670892572552224,0.01545116890935151,0.009794534689716269,0.006281543188789701,0.004074236342892869,0.002671641885598266,0.0017706363555795898,0.0011857008166344858,0.0008020423564691854,0.0005478765708643422,0.00037785248336252495,0.00026303308523534187,0.00018477558984008073,0.00013095600124841592,9.361727190699721e-05,6.749041047371882e-05,4.905597021974686e-05,3.59431340486606e-05,2.654160197905501e-05,1.974879006461917e-05,1.4803800619615452e-05,1.1177498574424828e-05,8.499159893157328e-06,6.507147515651711e-06,5.015494996024399e-06,3.891101353713807e-06,3.0380561823330367e-06
FAYETTE,4.455,1.0,1.0,1.0,1.0,1.0,1.0,1.0,1.0,1.0,0.988915536674867,0.8056455176906885,0.619564674173771,0.4566868114807907,0.3235119790272743,0.22051575849524782,0.14493656509034114,0.09211405943019468,0.057093394484832534,0.03516482708143129,0.021830963726332,0.013709859997840974,0.008711770790898845,0.0055999603132467395,0.0036402151025718634,0.002392183695107967,0.001588756482196502,0.001066086939357162,0.0007225756305016701,0.0004945577389246479,0.0003417316739785871,0.00023833233842945065,0.00016772904838763703,0.00011908637480647701,8.528014761390551e-05,6.158458642394231e-05,4.483765718784025e-05,3.290572944190582e-05,2.4337225326832114e-05,1.8136644475530767e-05,1.3615910821021887e-05,1.0295796834019217e-05,7.840041954694397e-06,6.010984197232283e-06,4.639456440314722e-06,3.6042121062753554e-06,2.8177634732342037e-06,2.2165661084047534e-06,1.754169423359868e-06,1.3964053386338809e-06,1.1179867197383787e-06,9.00087303272708e-07
FOREST,5.3075,1.0,1.0,1.0,1.0,1.0,1.0,1.0,1.0,1.0,1.0,1.0,0.9859535629368833,0.8977467702418979,0.7223324323868752,0.5439669815174653,0.39183667157402186,0.2711098975202764,0.18061567528600814,0.1162465499869874,0.07286850102705453,0.04530716254530971,0.02837185194793259,0.017968486478177285,0.011512933373707306,0.007461059952607896,0.004888878183348574,0.0032379502736392834,0.0021669623187575197,0.0014649718795542452,0.001000200652739208,0.0006894666881265757,0.00047973389883434824,0.0003368563838342822,0.00023864146812815809,0.00017053213030298502,0.00012289404195773594,8.929505941927329e-05,6.540427609276875e-05,4.8281351610735327e-05,3.5913849920606394e-05,2.6913529537076004e-05,2.0315358499703222e-05,1.5443456470767053e-05,1.1820987147016226e-05,9.10913578544489e-06,7.0654798737915486e-06,5.515385965630094e-06,4.332219038665996e-06,3.4235556514177917e-06,2.721515445849752e-06,2.1759365950093848e-06
FRANKLIN,3.6125,1.0,1.0,1.0,1.0,1.0,1.0,1.0,1.0,0.945643606569577,0.8550985584041562,0.7487889261044811,0.6351850021852041,0.5222711313364679,0.41646051143545204,0.32190762148050317,0.24103302994059048,0.17463631359830717,0.12232349500400935,0.08278074865348306,0.05414431021411943,0.034401101927028346,0.021574937803608387,0.013585227162998316,0.008640100840334787,0.00555593987299235,0.003612480252129837,0.0023744772689803274,0.0015773400117159767,0.0010586607723185224,0.000717704765094405,0.0004913375008056047,0.00033958655223234585,0.00023689308177016625,0.00016675678895831063,0.00011842535895555691,8.482803528406393e-05,6.127363478289806e-05,4.462270404920832e-05,3.2756459373315235e-05,2.4233154450756143e-05,1.8063844395445143e-05,1.3564853366583943e-05,1.0259926389818495e-05,7.814823434815129e-06,5.9932640959296735e-06,4.627031323862691e-06,3.5955354401378702e-06,2.8117452773589937e-06,2.2124352811638214e-06,1.7513786215887272e-06,1.39456492002881e-06
FULTON,5.555,1.0,1.0,1.0,1.0,1.0,1.0,1.0,1.0,1.0,1.0,1.0,1.0,0.9364481389105324,0.8174960809462617,0.6828231827898096,0.5486194674842648,0.4220250296009329,0.31140711821391936,0.22085105882722827,0.1506413305119596,0.0988605843680516,0.06284348788043856,0.03936867290784005,0.024760427133503002,0.01573950120126516,0.010120829242032328,0.0065816535333941065,0.004327142556479978,0.0028752462471935965,0.0019303108925280365,0.0013089911949356935,0.0008963724771185356,0.0006196872933703429,0.0004323972894167167,0.0003044507941187199,0.00021625971253271605,0.00015493941737973973,0.00011193916890044201,8.153511387658459e-05,5.986330713949011e-05,4.4293849339921396e-05,3.302237710106475e-05,2.4801221759428043e-05,1.8761060471806713e-05,1.4291671061869971e-05,1.0961593389272386e-05,8.463598583422958e-06,6.577405710196109e-06,5.144009251435234e-06,4.047878707465269e-06,3.2045327195757293e-06
GREENE,4.455,1.0,1.0,1.0,1.0,1.0,1.0,1.0,1.0,1.0,0.9889155366749771,0.8056243581879021,0.6195364825517954,0.4567769844238087,0.3241283611232236,0.22158651738770385,0.14610069434370992,0.09321019784717272,0.05808736478896864,0.0360306944592777,0.022538761721214523,0.014263153524074479,0.009132302630743194,0.005914017245772759,0.0038723230216042817,0.0025627591602058793,0.0017138079483804722,0.0011577462640654113,0.0007898528248119108,0.0005440638961130088,0.000378283941874174,0.00026542810673104344,0.0001879043009990611,0.00013418067313689946,9.662998562708596e-05,7.01633546269838e-05,5.1356502038737155e-05,3.788608031450532e-05,2.8162926840325675e-05,2.1091460583299017e-05,1.5910552755206504e-05,1.2087448922106895e-05,9.2465095442076e-06,7.12097936958582e-06,5.520103232522607e-06,4.3065441618917755e-06,3.3807674495407474e-06,2.6701679312527395e-06,2.1214491763717155e-06,1.695247122755154e-06,1.3623129673434244e-06,1.1007862352640293e-06
HUNTINGDON,5.055,1.0,1.0,1.0,1.0,1.0,1.0,1.0,1.0,1.0,1.0,1.0,0.8875707705802113,0.7290954806444419,0.5737513924263882,0.43454218848399634,0.3171097350793943,0.22318302272260582,0.15150840962059836,0.099255426320775,0.06294002992663444,0.0390599231593072,0.0241876359572884,0.015114068953273722,0.009553036042495761,0.00610848675008607,0.003950435397529863,0.00258308777536385,0.0017071991977998247,0.001140131952267392,0.0007691889550763193,0.0005240877339228428,0.00036054385790299334,0.00025037387587530774,0.00017546623204364495,0.00012407133280325865,8.84963100459861e-05,6.365898918091978e-05,4.617242562943253e-05,3.376011486364524e-05,2.4879154155106852e-05,1.847532998292979e-05,1.382261736276345e-05,1.0417141265085916e-05,7.906563262333433e-06,6.04269414364305e-06,4.649452538183168e-06,3.6010399343834744e-06,2.806967475153969e-06,2.201711212414295e-06,1.7375160113727583e-06,1.379356183897733e-06
ADAMS,5.555,1.0,1.0,1.0,1.0,1.0,1.0,1.0,1.0,1.0,1.0,1.0,1.0,0.9364481389092464,0.8174960809154953,0.6826903640949225,0.5483896435174969,0.4245014396202361,0.316974445691989,0.22845044996936825,0.15885785634876076,0.10657785148098992,0.06911887766209783,0.04368843591161568,0.0274093896802859,0.017315020292347823,0.011056696691295298,0.007140063442555808,0.004662165846097271,0.0030772303279581353,0.0020525338892071485,0.0013831052088491326,0.0009413195917405629,0.0006468796679455823,0.0004487517708629548,0.00031418141851669967,0.0002219448415699701,0.0001581617196120804,0.00011367205625250078,8.237755474502249e-05,6.018332812174099e-05,4.431668494067038e-05,3.288486049857913e-05,2.458547049977501e-05,1.8515398731308314e-05,1.4043648590317683e-05,1.0726091723631503e-05,8.24787396193065e-06,6.384217549179504e-06,4.9735506626437655e-06,3.898957354865502e-06,3.0752832376612787e-06
ALLEGHENY,1.86,1.0,1.0,1.0,1.0,0.987827740007544,0.8892575542043909,0.7594271678637776,0.6222835068777491,0.4910022920566661,0.3737123892189269,0.2745486872444811,0.1946109065890729,0.13306730332629896,0.08780447999144843,0.05608089955677861,0.03506052753600394,0.021873015252275273,0.013768787796713217,0.008765441650450907,0.005644052765261371,0.003674883415339239,0.0024188137990293155,0.0016089436266447648,0.0010812774403205336,0.0007339640945241966,0.0005030854246801682,0.0003481205571824011,0.00024312734595622977,0.00017133750445732737,0.00012181105212529313,8.734547356503011e-05,6.315677359427885e-05,4.6039871218174396e-05,3.38293814627505e-05,2.5050317715023136e-05,1.8689912884695994e-05,1.4047335148081101e-05,1.0633912646738445e-05,8.106372948366042e-06,6.221831683587074e-06,4.807218654493118e-06,3.7383594380073684e-06,2.925561529262403e-06,2.3036135780012165e-06,1.8247995868400484e-06,1.4539868890092112e-06,1.1651500021820233e-06,9.388951236235827e-07,7.606863749193567e-07,6.195672288980457e-07,5.072334690813691e-07
ARMSTRONG,4.3325,1.0,1.0,1.0,1.0,1.0,1.0,1.0,1.0,1.0,0.952850914784379,0.7726975330477206,0.5954828024925312,0.4402553683781729,0.3130477156234629,0.21441020653919987,0.14163782919159507,0.09050441522552864,0.05640895526865655,0.034927807013358236,0.021789853314743833,0.01374543320671561,0.008771268978173707,0.00566123839890812,0.003694722243559273,0.002437471402061344,0.0016250094404134077,0.0010944824464605893,0.0007445294594971933,0.0005114031910945543,0.0003546056556241025,0.0002481556705966091,0.00017522569961684256,0.00012481536009180857,8.96683439817478e-05,6.495580022248655e-05,4.7436607074390714e-05,3.491706664636629e-05,2.590026217043033e-05,1.935659030900884e-05,1.4572363274563331e-05,1.1049121932853175e-05,8.436152366775498e-06,6.4849125024659e-06,5.01802680640151e-06,3.9080394215140315e-06,3.062751495363081e-06,2.4150324938917027e-06,1.9156926662984584e-06,1.5284641533543513e-06,1.2264442112131114e-06,9.895587968331662e-07
